{
  "deployment": "gpt-5.2",
  "dataset_sha256": "8331d935a61e5e1ded4b12d672221e3df57e23c7479338f274c1489c6c0a1aca",
  "total_questions": 160,
  "disqualified": true,
  "disqualification_reason": "unsupported_must_cite_rate=0.5228",
  "citation_validity_errors": 0,
  "unsupported_must_cite_rate": 0.5227544910179641,
  "attempted_quarantined_cite_count": 0,
  "rubric_score_10": 4.75796178343949,
  "claim_density_per_1k_chars": 6.995732687657291,
  "boundary_completeness_rate": 0.5636942675159236,
  "mean_used_edges": 4.907643312101911,
  "mean_argument_chains": 4.907643312101911,
  "mean_distinct_pillars": 5.0,
  "edge_diversity": 4.0,
  "redundancy_rate": 0.12546647364926414,
  "quote_budget_compliance_rate": 1.0,
  "bullet_spam_rate": 0.45222929936305734,
  "depth_score_100": 51.57762781266182,
  "cross_score_100": 77.67582271762208,
  "naturalness_score_100": 86.56408743501461,
  "integrity_score_100": 100.0,
  "composite_score_100": 0.0
}