{
  "deployment": "gpt-5-chat",
  "dataset_sha256": "8331d935a61e5e1ded4b12d672221e3df57e23c7479338f274c1489c6c0a1aca",
  "total_questions": 160,
  "disqualified": true,
  "disqualification_reason": "unsupported_must_cite_rate=0.5129",
  "citation_validity_errors": 0,
  "unsupported_must_cite_rate": 0.5129445234708393,
  "attempted_quarantined_cite_count": 0,
  "rubric_score_10": 4.7875,
  "claim_density_per_1k_chars": 6.988560168408769,
  "boundary_completeness_rate": 0.5125,
  "mean_used_edges": 5.2625,
  "mean_argument_chains": 5.2625,
  "mean_distinct_pillars": 5.0,
  "edge_diversity": 4.0,
  "redundancy_rate": 0.12866575861188723,
  "quote_budget_compliance_rate": 1.0,
  "bullet_spam_rate": 0.45625,
  "depth_score_100": 50.9720003508516,
  "cross_score_100": 81.00260416666667,
  "naturalness_score_100": 86.37169844858394,
  "integrity_score_100": 100.0,
  "composite_score_100": 0.0
}